pdf_page,observed_folio,image,image_sha256,baseline_status,secure_baselines
3,1,ledger-images/page-003.jpg,b13e8096bc34e0b383dd65dd63c51fe8c40e2a5805f4b0783bfebf61a734ea69,partial-manual,17
4,2,ledger-images/page-004.jpg,9729f7b77e4015b12ecad7cbe7d220d7e72f4d610aa70949f4a89bc5569d9ac5,unsegmented,0
5,3,ledger-images/page-005.jpg,7e90e1df08c08f38e4b1865140d5900fc280861b07841bcf03d56c649db290be,unsegmented,0
6,,ledger-images/page-006.jpg,ecb5b868ede7b48afd300734597523bb1f3dd69e396cdeb5fb3035722aa5eff7,unsegmented,0
7,,ledger-images/page-007.jpg,ef2e211179f9a3010c470e87fb9cc7795fba06a95c7a28831877162f398e6cd1,unsegmented,0
8,,ledger-images/page-008.jpg,3b82cec088d6d74604cfecef878745a214b68ee4d60f21ff10ae6dce8f103bc7,unsegmented,0
9,,ledger-images/page-009.jpg,415b75bb73cd3d61dd633a5e4c086e616e8ed2f08b62bad381119a29d329fd28,unsegmented,0
10,,ledger-images/page-010.jpg,f8c9c6efcf386ba620a7f58a9809c098113fc1c939673af6df9edca1b022d78a,unsegmented,0
11,,ledger-images/page-011.jpg,0f66ba54a06a57d27886fda57d39dcabe8b0f97904f08d4be09a348d4c4be857,unsegmented,0
12,,ledger-images/page-012.jpg,47eb463a9142e7bb510ce367fe3d400c8ed96310df8e9fe76fc42a6d582c2061,unsegmented,0
13,,ledger-images/page-013.jpg,34d3ba4368c7a01296de6b5408886001734a1b7589aac2d38fe760f2d51843cf,unsegmented,0
14,,ledger-images/page-014.jpg,4f307925aacb40d0c9d667087d41ffcbe2963b34b20579d953cb21e72bd66308,unsegmented,0
15,,ledger-images/page-015.jpg,795354082d693e3443371808d7994e1b5f7989aaed1102f4a44ce58e3abf1cce,unsegmented,0
16,,ledger-images/page-016.jpg,55b04b4f543b19dde798d1d33cd7502baaa5fbb0eded5779cb1b6a9f40064169,unsegmented,0
17,,ledger-images/page-017.jpg,55ed950d2dcade0e9a0226666f3a82eb7db43b34fe5c501f364fa8aae00f71d1,unsegmented,0
18,,ledger-images/page-018.jpg,134b9886b380fdf3b0c9ca8cb458e3745795454dbb8546ebf80d988b96facfe6,unsegmented,0
19,,ledger-images/page-019.jpg,bf8a54344b25ff467735d70bd42f3811a1e092262c6517ba3b8b57ad3006764f,unsegmented,0
20,,ledger-images/page-020.jpg,f309e5fc34807073148a962af3d771b515727398083354339c144eee4b66cd00,unsegmented,0
21,,ledger-images/page-021.jpg,132e8d1faae82db7d92e1fd11f0883fe1fb95bd768a8fcd786b805d1109d4e41,unsegmented,0
22,,ledger-images/page-022.jpg,37154a5352d852ff0a5e168b72e9db1a0eb9138b9a4b38c94f7f028bc9371e5d,unsegmented,0
23,,ledger-images/page-023.jpg,ff733be9ba49a65909b433a233dac3e63ccf85b94b41662a7f833e86e8913709,unsegmented,0
24,,ledger-images/page-024.jpg,1a7322640ac75c561edae9285fc0b5c80f419995a88d7f7dabb3601467f614ac,unsegmented,0
25,,ledger-images/page-025.jpg,230301affffab4746285ecf71292cfa3961309f23ff8cf52f3ff3898ba1b2424,unsegmented,0
26,,ledger-images/page-026.jpg,d5ff8ad7086c5e2cdf9ef9aa41e7ace86619dd4b1e61bee6d38fa728037a2c0d,unsegmented,0
27,,ledger-images/page-027.jpg,09a72c82fef7d459704977193041a0e449300e4b7e8171c289de06646b64fa2f,unsegmented,0
28,,ledger-images/page-028.jpg,84120e013e9580cf8ebc76dde8c170152583b35e188751c96a241a8b757548a3,unsegmented,0
29,,ledger-images/page-029.jpg,0a072674ef95886d2da932fb025728468f39c53031a692f9112c74814839dc8c,unsegmented,0
30,,ledger-images/page-030.jpg,2825caf263cdc6d7dc83596888e72687d03009a8a5aa6d465acb3c242326eb8f,unsegmented,0
31,,ledger-images/page-031.jpg,e2c0769aa39b61d4041df3df8396348f6a54df069bfb4d133197a70e2f13f4e6,unsegmented,0
32,,ledger-images/page-032.jpg,b48f7fa96662f505715fba612cdf7b457a5d2e80ae47eb61a25476c098dc889b,unsegmented,0
33,,ledger-images/page-033.jpg,c72dafdc339cf61cc42e280d107b13f135e0d65350caf0cc2d4d7a946299a94e,unsegmented,0
34,,ledger-images/page-034.jpg,fcc3dc7a11429dedf7eee7342e60c655f03da5354ffd63a6f5ba4e9df95f1e96,unsegmented,0
35,,ledger-images/page-035.jpg,8cc7954e9d362b8198573c192e65630e8b2a8686f4b3af5b70f98fe9202dccc9,unsegmented,0
36,,ledger-images/page-036.jpg,b11273cae4e9866de63a3ffd371aceca24b6f45d125efe4b89dd953f934015cc,unsegmented,0
37,,ledger-images/page-037.jpg,1f422ff51d64a80494fda6f94b680f7386faf8c9155ac6b6d06586079a5274f5,unsegmented,0
38,,ledger-images/page-038.jpg,de88f5975b19689c9e77153e33338143a5efb664c49df72288cca604f42a93a8,unsegmented,0
39,,ledger-images/page-039.jpg,618d564a83c7de5ac17f5835ac3d0bf89be9331ad2074b054308ffa1ba759b9d,unsegmented,0
40,,ledger-images/page-040.jpg,50883f8723824ad48418acb4712b370f3a0fcadeaba2b12ff8d1eef3cf908f7b,unsegmented,0
41,,ledger-images/page-041.jpg,531791067eb6e411af2137bf1e99bef7c5dd6e012877cc715da9cb2490803e65,unsegmented,0
42,,ledger-images/page-042.jpg,a9877bdeb66e1a66d6cc7be8da2bd8ea8f0e0b78349bdd32be0ac4c62da1e75f,unsegmented,0
43,,ledger-images/page-043.jpg,220c8942649b4a6c26bf09ec8515fbf7a08376bcbb11ee4018fc5e5d00fd3a46,unsegmented,0
44,,ledger-images/page-044.jpg,dd0903de461100a8a5e0efdc39925a223ec8d0398a3f65e44282730b0f356b27,unsegmented,0
45,,ledger-images/page-045.jpg,71443c8061f9d687e0d045597b53728a3f5ce8cd00af04a70271204a53fd2ad8,unsegmented,0
46,,ledger-images/page-046.jpg,35b466ba65f6dfceebf6ccbc1114703f9505e01255e7cbbca55c008bfe94f52b,unsegmented,0
47,,ledger-images/page-047.jpg,876245ca4dba8a4cd843df49ab44a5bb4292ab82d44aba926863dc0334e5ff72,unsegmented,0
48,,ledger-images/page-048.jpg,987533f439e32e5f2f0278d7b9bcdb6287c5d222954550676404ffc9e91360f9,unsegmented,0
49,,ledger-images/page-049.jpg,efe63c4fa1c5bb01421daeda5a139a140d6ade7655c8d9d24d8da1bed7b05b62,unsegmented,0
50,,ledger-images/page-050.jpg,684e6aaef4522ef3b5827d72b9b4ce478128ccfbde4dcbe5c432b424434b1942,unsegmented,0
51,,ledger-images/page-051.jpg,743d8a254624ab1b32ebf5ff58ae4ec61189cc3af387dcbb8afe2c2c84552823,unsegmented,0
52,,ledger-images/page-052.jpg,ddc67bd8d59f4dfad1e83134e7d54c1f61ec6ab042fdc11b4cf4ec3a222daa3b,unsegmented,0
53,,ledger-images/page-053.jpg,0e6621cb7cfd1866b7e4da3622a98a1c1f0be8cf23743ffdde420d3cef08680d,unsegmented,0
54,,ledger-images/page-054.jpg,829f84d2ffd2de265d79fe1bfdf952b820b60fa6bf7b4a4e7ab5ef804fbf3e73,unsegmented,0
55,,ledger-images/page-055.jpg,dcdff751e4ffc5b60611cf91ea72c1ae54d72a53025f2ee428d73bb02cf87739,unsegmented,0
56,,ledger-images/page-056.jpg,fa53d9af8d7f3a799aff8b09dd1f6942559c0a1df51cc2adf4d197812aa5ffef,unsegmented,0
57,,ledger-images/page-057.jpg,e775aa25e025ace23b493f959f97730f127a0f08aaea00807bc0472f03988ae6,unsegmented,0
58,,ledger-images/page-058.jpg,b56974961ae068adfc6dbbaa6633ca733fcdf9844f1fed8a3cfd5dd6dcfa2062,unsegmented,0
59,,ledger-images/page-059.jpg,9eda717c3052d94aee29fc663339ef8ab6b49e70790e864d4102544aa93e0e76,unsegmented,0
60,,ledger-images/page-060.jpg,2751d35e61ab66f8a4edf5a146afeba40031dc140f0519bfd9bfa0b6751860db,unsegmented,0
61,,ledger-images/page-061.jpg,6b94c59e7a203b0bf15f1ede50c54e98154e612fb1f754973c52dda14623965f,unsegmented,0
62,,ledger-images/page-062.jpg,71ee5946d39da27e86dd119db44be1cf7ebf64cbc339d443c9997f099000c0dd,unsegmented,0
63,,ledger-images/page-063.jpg,4b0de19cd30f39cafd794a06c4692f1a4c3327141e1806e1633b2bb7e3baad71,unsegmented,0
64,,ledger-images/page-064.jpg,a1fe247d3a30d23bb054874e38e13d14d34a86dfb154eb0e627e4bd4153034c7,unsegmented,0
65,,ledger-images/page-065.jpg,a375ea832de510b677042b2a2f2ccdff17f30854b2a76f5f4290b3349fe2ced4,unsegmented,0
66,,ledger-images/page-066.jpg,ca2dd2405a1259721867a026f7505d3a01602b76cc42d3181273a7c9111e24af,unsegmented,0
67,,ledger-images/page-067.jpg,0c884d2efd7755fae5154f593b90ff1dc18aabf14457996a6159d24e000cb3eb,unsegmented,0
68,,ledger-images/page-068.jpg,478c2095c5f65c68fa98fcdbc9f096df40bbe3cdad4d599a98c5b330e58333f9,unsegmented,0
69,,ledger-images/page-069.jpg,e635b6084f8481ad0d26e0da250733f27e95ee7c59bed5f6bc39d9377fe6ad8a,unsegmented,0
70,,ledger-images/page-070.jpg,e9345272862d9369ce74def36fb9404689bd6bde44b75d7debfa6642f80064fd,unsegmented,0
71,,ledger-images/page-071.jpg,e05716f0eb7e7decf77211db9617f455b9c92096101284459fb17c71c9ab9e33,unsegmented,0
72,,ledger-images/page-072.jpg,a3339129caa248771cda9023002cb061994bd0f6123c009ee9a3905b367c4cb8,unsegmented,0
73,,ledger-images/page-073.jpg,313a1161dc32e09e667334b155d079accf4ef89c742b33993e5e24fbf77269b4,unsegmented,0
74,,ledger-images/page-074.jpg,152065eb7f40b1a332555844af1bfe13e523c31ee2f6ae085001168b3fbeb349,unsegmented,0
75,,ledger-images/page-075.jpg,538c634c18eb8160b5130f83d668fe2877000e245b7c81be3409d295eedbe626,unsegmented,0
76,,ledger-images/page-076.jpg,89c664f919759c8c6b5525fb37e4047f70bf63cc988a0cb66caec73e9d3a0cef,unsegmented,0
77,,ledger-images/page-077.jpg,fb7b07355b287a5e4f8bc69761cd985626abd6f7a5bb5a894d05b5d66d141e31,unsegmented,0
78,,ledger-images/page-078.jpg,87353ed067c6878a1a3ea4ebed19fd9a62c38eac1e4a3be68f13ccbb8b103c2d,unsegmented,0
79,,ledger-images/page-079.jpg,cadda090bd4424cd817bbac6db0a8bb16887811f5cf5d274c68f0927b6c63a59,unsegmented,0
80,,ledger-images/page-080.jpg,29954a8b3578183114f448dba4083e0839cda5171cceab628f87a3502e2f263d,unsegmented,0
81,,ledger-images/page-081.jpg,a4afc86a9481c5f315ba247d51706f6e35e4d91effc1325631f76e76161749b3,unsegmented,0
82,,ledger-images/page-082.jpg,aafeef2bee00d2f20199c4517add9e5650f251cc2e0429113173a29e99b8c1fe,unsegmented,0
83,,ledger-images/page-083.jpg,33ef75bde297fe9d3f8ad068c76353ff3e8c1cf5485140894fb4028ed1566af5,unsegmented,0
84,,ledger-images/page-084.jpg,b66ec7c6ec16541d4db952d9eb5f458a6347249d7a1bef350b0ea13daa4b63ef,unsegmented,0
85,,ledger-images/page-085.jpg,aba811744841694878a9bcef74c7e193a3deb0a2bdda4b1463c2d9576572adda,unsegmented,0
86,,ledger-images/page-086.jpg,08f3e5156b6dbb875d7fbb67e56be268b567be13002ffd8c318e289a4cca5d0c,unsegmented,0
87,,ledger-images/page-087.jpg,5f874cfb052015a8cbb556d7c5202eac4da1f1ec63821b956b8188933f6f3fe3,unsegmented,0
88,,ledger-images/page-088.jpg,c21ab86558dbbbe82b8f26b45319b4ac0b7540cf1493214b4524f8e1aea3aa01,unsegmented,0
89,,ledger-images/page-089.jpg,cbdf264ab397a714a7d4030cd312f47f7165a1b07e71bd146b37267804344606,unsegmented,0
90,,ledger-images/page-090.jpg,0b44c7029831a2c49e3811afb06a63e8cc96dcc629c3d372e2bea7e916cee20b,unsegmented,0
91,,ledger-images/page-091.jpg,b43b1cdb38e8fbd96dfb9dfa43a9faf402e0a8c03852b6caf45a4a2c57c8d358,unsegmented,0
92,,ledger-images/page-092.jpg,5450aaedc22659071c9d931fc67e0c9edd137ce0a99b40ed2b5c12a118401e86,unsegmented,0
93,,ledger-images/page-093.jpg,6f10f83fff5152e2b142001e6a23b78c3526b2be4fe0d0c2a63b6faeb5e9bee1,unsegmented,0
94,,ledger-images/page-094.jpg,68711faecf5e3a9e326cc8cbbb6232aad4d8039c00d98c70eed5909d00ff5468,unsegmented,0
95,,ledger-images/page-095.jpg,038844eeb933bc3c331f542ca3fd4bf40bf8a211ec011a08be0575e885767cf7,unsegmented,0
96,,ledger-images/page-096.jpg,a759e985598a1588acec518d5e890f6324069d0116dd064c4d88b0d53c33c647,unsegmented,0
97,,ledger-images/page-097.jpg,e593eca47e93584b903066e416b7292912c9a8452f2cb1adb383541f4bdaf5e9,unsegmented,0
98,,ledger-images/page-098.jpg,6d8064f6aad106a7abd6630586b7420acce05200406aefca95709f74e4ea3745,unsegmented,0
99,,ledger-images/page-099.jpg,cbd1ad87d8250890c51149c07c13e48efdf21e9dfb086e101f800748ba062a27,unsegmented,0
100,,ledger-images/page-100.jpg,482619a5094785025a2a4efb5e74a7bb347a8a22cdc2867711f2562f15788b2a,partial-manual,24
101,,ledger-images/page-101.jpg,59a5316805657a288df056b52b9fe653f736b1f148b19871a5d34a541e87635e,unsegmented,0
102,,ledger-images/page-102.jpg,b265fca11625bff83b080dcd97c8e84081c8290703adabd9a37e26ec78372526,unsegmented,0
103,,ledger-images/page-103.jpg,6b514621c62d1e78f706c2834f9a030b16c4d7bf58234aca32b761df7a2574f1,unsegmented,0
104,,ledger-images/page-104.jpg,d4945914cfd04a29648db9d845d6f3277c180e470e993b40c23915b4c50c3eb1,unsegmented,0
105,,ledger-images/page-105.jpg,d51cc737806bacf09666e598e0dcbbecf831a60d95585357b238409175f8d501,unsegmented,0
106,,ledger-images/page-106.jpg,c810f09ebefa892cc3c08d588dd6c7f39002b719de273552ebb459d69bb0324e,unsegmented,0
107,,ledger-images/page-107.jpg,b8ee807a80595c8c2cfa0a2d41fd071e49b3fd3b91505fb4b29425a30541f04b,unsegmented,0
108,,ledger-images/page-108.jpg,fb544dd01919098f76a00de9222c44caa65e8a0e4d4e4b0bef462ae4f6b13c8a,unsegmented,0
109,,ledger-images/page-109.jpg,ff5baa454ada4ec19725c05c9603b7ec8edbd8ed6dc6870983d675c72fc03013,unsegmented,0
110,,ledger-images/page-110.jpg,cfe3bcbcdd56e3373df4dc740bd63871242c02084b8cc15283ac1ee771e0fd96,unsegmented,0
111,,ledger-images/page-111.jpg,7a4658061dc0f8defa71e783ca8dacbf80fbcda3f18ca13d58c08858421d6790,unsegmented,0
112,,ledger-images/page-112.jpg,55caaae3838099fb9c10d264de10e222a129011b0cda6bbdd68a0ab73cbf52b8,unsegmented,0
113,,ledger-images/page-113.jpg,e7f5c5bcfb052a241b9a299a0984a0ea3aee794947f59de322e7541806013d52,unsegmented,0
114,,ledger-images/page-114.jpg,a060cbdbbd28ad611885878c03751a8e63bc8a9ff063d95e6cc5639a6f76f6d5,unsegmented,0
115,,ledger-images/page-115.jpg,4d1148b39a39bf79b128f56c5d12fbc1f7caec3eb624333fb618cb862c4bd1e7,unsegmented,0
116,,ledger-images/page-116.jpg,bd8f062314ab0d654cc250ceb1fd34dd04b53927e9204b5429588bff73c0d48d,unsegmented,0
117,,ledger-images/page-117.jpg,1514200af68e618aa4dc76fa3e12ab0e667d78dddbe51a640fc6b529f56b328e,unsegmented,0
118,,ledger-images/page-118.jpg,c8d7a32df70e967cfc75905e96f59ade320c2840759bfb9e49acfdc56c4ff890,unsegmented,0
119,,ledger-images/page-119.jpg,da558bf12993a5424ca96f54f7cef22a3c1949d57991383383dc4bf940c417ae,unsegmented,0
120,,ledger-images/page-120.jpg,7df471eb49644227bdf6d66252ae842c5e59550b9768ead39561896345d67d9b,unsegmented,0
121,,ledger-images/page-121.jpg,3c95c58e46e714f4928207c5a2c19d71cd520d421ab462a71e8fe3e0599d0732,unsegmented,0
122,,ledger-images/page-122.jpg,8d16756288706e23cfb930d4bdc90cf307770f3f1894233587592815df4727b6,unsegmented,0
123,,ledger-images/page-123.jpg,96bf3a269cfbcde8adb77e99bac75a93435a929cc78dd488a9987719c799af2c,unsegmented,0
124,,ledger-images/page-124.jpg,d424b301cba738ac6e09ab2740bcff835ad78c9b1f6d3424292bd923a47877c2,unsegmented,0
125,,ledger-images/page-125.jpg,299badbda6eaa774dc6a102930e7eb9414beb42746cc78651a3c3fee4d51ee02,unsegmented,0
126,,ledger-images/page-126.jpg,721ed89d360cbbb31184743b02f701068f0985274cf7266cfa45cecb469446fc,unsegmented,0
127,,ledger-images/page-127.jpg,81d0db2ce8303ea0b3dae8be3071215be338c81cb5d8bfb9ae65c23978faa160,unsegmented,0
128,,ledger-images/page-128.jpg,4919bd9399fad2259e25910eb12c27a582d1aa899ca64780f69fe70b9d416e5a,unsegmented,0
129,,ledger-images/page-129.jpg,9c0ebe9a32fa171a2f3bcb38fef2b4d648a058ac6baf2ea8262a7bc410bb8dac,unsegmented,0
130,,ledger-images/page-130.jpg,7d791b50965545dbeac7a939cfe242f50f00675b3b9133054a95d06f3f5cf3f3,unsegmented,0
131,,ledger-images/page-131.jpg,13913666ea696c2861634e7bd6a4e2698ec2842ce46e7581aa9bcde66b110ebf,unsegmented,0
132,,ledger-images/page-132.jpg,623fb0580639609c97c2628558538c6662dac46c2b085c7da291e44b68b9e5dc,unsegmented,0
133,,ledger-images/page-133.jpg,7062b43f7c864cfd36c517df31ea8cae5989976502db8b1ceeaa9c5672d39104,unsegmented,0
134,,ledger-images/page-134.jpg,33ac2d11e9508fcd9de0980e9fd25b26fd73b2fdc825fdb3dedb04cf213e7cdb,unsegmented,0
135,,ledger-images/page-135.jpg,b47c1fa57e0a544090dd3ee30b7de675c6bf812b91d08c8b23a4be4107227ea8,unsegmented,0
136,,ledger-images/page-136.jpg,e4cf72dd67d140f3961db0a79d84d0e96434e9baefdd0f6c5441418818de32e0,unsegmented,0
137,,ledger-images/page-137.jpg,e2c40d231a9a423239f167fdf639b99c0b4c2970864c9d33f883d26279288f2c,unsegmented,0
138,,ledger-images/page-138.jpg,6d778469c6793b5d7517a1399e5da243fce67146d4e2664303821f5cb15048ba,unsegmented,0
139,,ledger-images/page-139.jpg,ce14da8e8660fcedc4a9413916b6470308a08c5f7692e7d896107872d836a3b2,unsegmented,0
140,,ledger-images/page-140.jpg,d25e3d2e0d8167ab4427798c97778ae18a979364ae4599b9202bbae4292623a0,unsegmented,0
141,,ledger-images/page-141.jpg,fcbb81f070671a7e0585c9827313e5cf57aac52069526ff907845861f92feff9,unsegmented,0
142,,ledger-images/page-142.jpg,802163c53f0b06af298357b6ef5516b1269122a628aeed9a8690e3b0ca1894c5,unsegmented,0
143,,ledger-images/page-143.jpg,09241413220ec8a8f5b10d05eace49c44cb51c516ec84a4d39103f34ebd2abf4,unsegmented,0
144,,ledger-images/page-144.jpg,a07d922c685d66d0b6a96298f7f3afd31da54ef4388851f568efb938decf39d7,unsegmented,0
145,,ledger-images/page-145.jpg,1340419d317febbae330aacb1e32f3b9a15db1524c12bd9fd48ffca040c73efe,unsegmented,0
146,,ledger-images/page-146.jpg,55a9893ebd31d3404b6a8141c6fe9352a6c7147d198cfb3911cc49ec33e333c0,unsegmented,0
147,,ledger-images/page-147.jpg,8c3e005fd8b2ac09745a71337538d70766cb5a0cd45df9e004d4a4edb5ab5b56,unsegmented,0
148,,ledger-images/page-148.jpg,6f64501cb3d9c1f53108e5f5b42db61c6a6a298dbd41ee95ff9fdac5c9b38e77,unsegmented,0
149,,ledger-images/page-149.jpg,b6709b8603b0b423414ac859be4131fb828f54bc9bf0b0ea915518844cdd5e83,unsegmented,0
150,,ledger-images/page-150.jpg,65f43491259f557bda85ceef9a82da0d44e9cfd01f29021cbf6fd29c942b41a0,unsegmented,0
151,,ledger-images/page-151.jpg,8e85a6bf256bca7dbdf89270b731c632b9f8e03cc98dc2b4f63cafc87f30c599,unsegmented,0
152,,ledger-images/page-152.jpg,591d0983a88bf02a02a63dd32010730d435949180d21f2eab710286aa39fee9a,unsegmented,0
153,,ledger-images/page-153.jpg,920f370a1eaa4f858658f203ee84c2de22582379f2cf1d1dfe49ce6465ff4671,unsegmented,0
154,,ledger-images/page-154.jpg,86db05feecb39cbe0f10b6f783c2da4b8770d0f43ca4c5d2734183e08a55c6a7,unsegmented,0
155,,ledger-images/page-155.jpg,5525fb039bfbf7d4cf0c164e63f4b356e50e31df8b852a213d72d7fe3f9e0d68,unsegmented,0
156,,ledger-images/page-156.jpg,e908a15cc9f8c823ff84a3fa30a69966a0daa4577714499de7d1127790bfecfc,unsegmented,0
157,,ledger-images/page-157.jpg,ee70a36d5b6a2affedf73a31e9cb5e8e76b6a3a5a607b91864c7e49b9b513770,unsegmented,0
158,,ledger-images/page-158.jpg,55f9e3e363f3fa9fece4c66e166708d5ddf4b68947766ab31aeca88d3f61bec9,unsegmented,0
159,,ledger-images/page-159.jpg,42d823b52ad7d91b45163df7fb7ce97b03bf079894e57df275acc98b418f47f4,unsegmented,0
160,,ledger-images/page-160.jpg,59555d9c2f2d4f0a533dc4c2d4a897432e3b2ea93385a9772eb3feb7911c707d,unsegmented,0
161,,ledger-images/page-161.jpg,97c3219c983918be9c7c452eacd5669879481640707f443fb491abceec370f59,unsegmented,0
162,,ledger-images/page-162.jpg,e8990b6a643a5410a31f935b5d5401f5bde1c15587f2f89d5a084c9326f5f56e,unsegmented,0
163,,ledger-images/page-163.jpg,31a99dc5aa87c4e5384d239fc0c3822e9597771295c8120f1c7787a078f8f6ea,unsegmented,0
164,,ledger-images/page-164.jpg,9fd46fc0f29ff29a810a607ba49b8b3d1b7b7a6b88d5aaef9af3b5b7f99ccb25,unsegmented,0
165,,ledger-images/page-165.jpg,28f55be87393373cca461c8d91c08dc4d7dd8b85dd153c3f377bc4e1599bf4ea,unsegmented,0
166,,ledger-images/page-166.jpg,dd25dd06d99011ae072746e30210dfcba4bd6061948389c1330906b8202c3e15,unsegmented,0
167,,ledger-images/page-167.jpg,3e4bba95feaf39bb5d9ac24d8ee27689c92f967e27c910e33d9c36ff56349634,unsegmented,0
168,,ledger-images/page-168.jpg,bea6a8375650247b46709f3f3cf775262e78f59d49509fdc1ad376d98d2a5646,unsegmented,0
169,,ledger-images/page-169.jpg,f9f492cb109aa45a4300c03a347b615ed85ff1e43d82ed3c31b69a934db638a6,unsegmented,0
170,,ledger-images/page-170.jpg,5754ac62d41bee4c583c7cc8d676f5219e1aaec7607548755fe077d82b3f8559,unsegmented,0
171,,ledger-images/page-171.jpg,0cb2bd5c87325e320db61a1457b07a9dd955ccce8f9143c9904131e61d99d09b,unsegmented,0
172,,ledger-images/page-172.jpg,d97e18a95e1f1afa69d6a95bc814266cbb4f56b33aafab69fb0d5d9e4b0b3302,unsegmented,0
173,,ledger-images/page-173.jpg,3715f68dfb83149638000ceef133fb96963bb090a3970869c648d8f42dfa1299,unsegmented,0
174,,ledger-images/page-174.jpg,db70ae9f64fa89426d15f0185567396b64f434e6ced03beb67449f7d9e7eb0ef,unsegmented,0
175,,ledger-images/page-175.jpg,2db38c4765a3a718e280b08bb7d6e23bbe212016c8efc38f6ba23935afd446a6,unsegmented,0
176,,ledger-images/page-176.jpg,d16649b6f298fc20f7140accb694d73ee168275faf45564ecbbb547ed4632d6d,unsegmented,0
177,,ledger-images/page-177.jpg,7487c770b9a1a80b06077a16e10ed4590ca8717408f0ac6ef2f63bcae0d13247,unsegmented,0
178,,ledger-images/page-178.jpg,cdc51bb394b98c23e5592ffad998cfc64b434247acd8403cf10b2809051ece86,unsegmented,0
179,,ledger-images/page-179.jpg,c6e6cfdd419f71d279287e5a067106e3c605509126738f94ce9e17dc9be545e8,unsegmented,0
180,,ledger-images/page-180.jpg,00c0d39ca8b8c1df710d615aa377004148c7f69084af33c9639629abb09ed75e,unsegmented,0
181,,ledger-images/page-181.jpg,9b5d8e729777e3e72fdf1ae18ae89e6b2d74b26442e22a86a6e4d618915a4270,unsegmented,0
182,,ledger-images/page-182.jpg,d02d575f90b4eaca534fc8ce5a197e54e2c034a44f1a87412f5506ca3b6f8472,unsegmented,0
183,,ledger-images/page-183.jpg,eedd1d3a1573db2fdf893f9b1a17c89e2fb22cb8d6115503ff477ccbca802ca8,unsegmented,0
184,,ledger-images/page-184.jpg,ff7c3ee7e0fd0f9f4aa0d6ecb9d38d96c29eaf9641122a94897d3a81fd069398,unsegmented,0
185,,ledger-images/page-185.jpg,4e3cc6d948ff6e0035e69a1f8b8de9c33faf5257ee8cd2b8884c2230b6197e1a,unsegmented,0
186,,ledger-images/page-186.jpg,2109ae305a9bc623745b15edc00883bb7748d0188404514735f9aad95095994e,unsegmented,0
187,,ledger-images/page-187.jpg,bde0b43e79e21d84c4cb39a4889e218f1e7fa3be4642791c3900d35b47ed2a6b,unsegmented,0
188,,ledger-images/page-188.jpg,a6a9b667436f9df86fc0d1816b3aaa7d3c637ae89ed1c0cdc8a3ac130788c9d3,unsegmented,0
189,,ledger-images/page-189.jpg,c9825d535b11032b8730233f51093f9d1872c6dfc4acf358c36d719ac5415b25,unsegmented,0
190,,ledger-images/page-190.jpg,a15c67c05ee616eec6f0fc5889b6ac0a4dc13d84e09ef2c31a600f145549f3e9,unsegmented,0
191,,ledger-images/page-191.jpg,d02d3607c86d0e30c956a4d611e36f335f1f39ea1f8e4a25bb7f7f663ab8deb9,unsegmented,0
192,,ledger-images/page-192.jpg,0ec5a8dc356d1b06ac7c157c1d2aaf9c92abd56f69b4fdd9c433185e0edfebb3,unsegmented,0
193,190,ledger-images/page-193.jpg,384fab279897b62ac480d9f9edbc3bc7753a78aecc582290a5eb4c7a6e258f75,unsegmented,0
