scan_pdf_page	candidate_physical_line	center_y_at_120dpi	printed_counterpart_id	printed_reading	image_peak	status
102	1	387	seytek-2012:p0975:b002:l025	Мурунку өткөн Манастан	1	visual_sequence_alignment_aid_only
102	2	476	seytek-2012:p0975:b002:l026	Мураска калган сыр найза,	2	visual_sequence_alignment_aid_only
102	3	587	seytek-2012:p0975:b002:l027	Буюмдан мындай болбогон,	3	visual_sequence_alignment_aid_only
102	4	690	seytek-2012:p0975:b002:l028	Кыжырланып шилтесе,	4	visual_sequence_alignment_aid_only
102	5	759	seytek-2012:p0975:b002:l029	Кылыч кесип өтпөгөн,	5	visual_sequence_alignment_aid_only
102	6	845	seytek-2012:p0975:b002:l030	Каарланып кармаса,	6	visual_sequence_alignment_aid_only
102	7	931	seytek-2012:p0975:b002:l031	Колдон тайып кетпеген,	7	visual_sequence_alignment_aid_only
102	8	1038	seytek-2012:p0975:b002:l032	Кадимкидей сыр найза	8	visual_sequence_alignment_aid_only
102	9	1128	seytek-2012:p0975:b002:l033	Кабылан Сейтек аны алып эр,	9	visual_sequence_alignment_aid_only
102	10	1217	seytek-2012:p0975:b002:l034	Эки көзү төрт болуп,	10	visual_sequence_alignment_aid_only
102	11	1299	seytek-2012:p0975:b002:l035	Эрте күнү кеч болуп,	11	visual_sequence_alignment_aid_only
102	12	1385	seytek-2012:p0975:b002:l036	Чымын жаны чыркырап,	12	visual_sequence_alignment_aid_only
102	13	1478	seytek-2012:p0975:b002:l037	Чын жалынып эне – деп,	13	visual_sequence_alignment_aid_only
102	14	1573	seytek-2012:p0975:b002:l038	Кайран бала буркурап,	14	visual_sequence_alignment_aid_only
102	15	1676	seytek-2012:p0975:b002:l039	Астындагы Кулансур,	15	visual_sequence_alignment_aid_only
102	16	1771	seytek-2012:p0975:b002:l040	Чын буудандын өзү бул.	17	visual_sequence_alignment_aid_only
102	17	1884	seytek-2012:p0975:b003:l001	Желкесине жал түйүп,	18	visual_sequence_alignment_aid_only
102	18	1998	seytek-2012:p0975:b003:l002	Кулансурдай тулпардын	19	visual_sequence_alignment_aid_only
102	19	2114	seytek-2012:p0975:b003:l003	Басканына мал жетпейт,	20	visual_sequence_alignment_aid_only
102	20	2189	seytek-2012:p0975:b003:l004	Башын жерге салыптыр,	21	visual_sequence_alignment_aid_only
102	21	2278	seytek-2012:p0975:b003:l005	Эти кызып калыптыр.	22	visual_sequence_alignment_aid_only
102	22	2380	seytek-2012:p0975:b003:l006	Желмаяндай желди эле,	23	visual_sequence_alignment_aid_only
102	23	2477	seytek-2012:p0975:b003:l007	Жетип келип арстанга	24	visual_sequence_alignment_aid_only
102	24	2579	seytek-2012:p0975:b003:l008	Сыр найзаны берди эле.	26	visual_sequence_alignment_aid_only
102	25	2693	seytek-2012:p0975:b003:l009	Мына ошондо Куялы:	28	visual_sequence_alignment_aid_only
102	26	2808	seytek-2012:p0975:b003:l010	«Телегейи тең уулум,	29	visual_sequence_alignment_aid_only
102	27	2915	seytek-2012:p0975:b003:l011	Теги гана болсун – деп,	30	visual_sequence_alignment_aid_only
102	28	3013	seytek-2012:p0975:b003:l012	Маңдайга жазган эр уулум,	31	visual_sequence_alignment_aid_only
102	29	3126	seytek-2012:p0975:b003:l013	Бозала тулпар чолпонум	32	visual_sequence_alignment_aid_only
102	30	3209	seytek-2012:p0975:b003:l014	Өөдө тартса өбөгүм,	33	visual_sequence_alignment_aid_only
102	31	3304	seytek-2012:p0975:b003:l015	Ылдый тартса жөлөгүм,	34	visual_sequence_alignment_aid_only
102	32	3400	seytek-2012:p0975:b003:l016	Капа болсом кабагым,	35	visual_sequence_alignment_aid_only
102	33	3496	seytek-2012:p0975:b003:l017	Ачка болсом тамагым,	36	visual_sequence_alignment_aid_only
102	34	3601	seytek-2012:p0975:b003:l018	Мурунтан келген мураа» – деп,	37	visual_sequence_alignment_aid_only
102	35	3692	seytek-2012:p0975:b003:l019	Белекке берген найзанын	38	visual_sequence_alignment_aid_only
102	36	3797	seytek-2012:p0975:b003:l020	Болоттугун билди кыз.	39	visual_sequence_alignment_aid_only
102	37	3900	seytek-2012:p0975:b003:l021	Эр Сейтекке жалынып,	40	visual_sequence_alignment_aid_only
102	38	4013	seytek-2012:p0975:b003:l022	Кыткылыктап күлдү кыз,	41	visual_sequence_alignment_aid_only
102	39	4099	seytek-2012:p0975:b003:l023	Ыраазы болуп турду кыз.	42	visual_sequence_alignment_aid_only
102	40	4216	seytek-2012:p0975:b003:l024	Алып жоого сунганда,	43	visual_sequence_alignment_aid_only
102	41	4356	seytek-2012:p0975:b003:l025	Кереге найза тийгенде,	44	visual_sequence_alignment_aid_only
102	42	4420	seytek-2012:p0975:b003:l026	Өбөктөп кетсе куу жанга	45	visual_sequence_alignment_aid_only
102	43	4524	seytek-2012:p0975:b003:l027	Жөлөк найза тийген соң,	46	visual_sequence_alignment_aid_only
102	44	4673	seytek-2012:p0975:b003:l028	Каарлангандай камынып,	48	visual_sequence_alignment_aid_only
102	45	4726	seytek-2012:p0975:b003:l029	Каражолтой Куялы,	49	visual_sequence_alignment_aid_only
102	46	4777	seytek-2012:p0975:b003:l030	Капыстан ажал табылып,	50	visual_sequence_alignment_aid_only
102	47	4863	seytek-2012:p0975:b003:l031	Тилегени бүт келип,	51	visual_sequence_alignment_aid_only
102	48	4998	seytek-2012:p0975:b003:l032	Арстан кыздын өзүнө	53	visual_sequence_alignment_aid_only
102	49	5080	seytek-2012:p0975:b003:l033	Алтымыш эрдик күч келип,	54	visual_sequence_alignment_aid_only
102	50	5180	seytek-2012:p0975:b003:l034	Ободогу ай чолпон,	55	visual_sequence_alignment_aid_only
102	51	5281	seytek-2012:p0975:b003:l035	О, кудурет эр сайгыч,	57	visual_sequence_alignment_aid_only
102	52	5358	seytek-2012:p0975:b003:l036	Болжош болуп калды эми.	58	visual_sequence_alignment_aid_only
102	53	5424	seytek-2012:p0975:b003:l037	О дүйнө кеткен эр атам	59	visual_sequence_alignment_aid_only
102	54	5529	seytek-2012:p0975:b003:l038	Ошол кезде балбанга	60	visual_sequence_alignment_aid_only
102	55	5660	seytek-2012:p0975:b003:l039	Жолдош болуп калды эми,	61	visual_sequence_alignment_aid_only
102	56	5753	seytek-2012:p0975:b003:l040	Сарыбай кезек аларда,	63	visual_sequence_alignment_aid_only
102	57	5884	seytek-2012:p0976:b002:l001	Канкор шердин арбагын	64	visual_sequence_alignment_aid_only
102	58	5980	seytek-2012:p0976:b002:l002	Жылоолоп курчап арстанга	65	visual_sequence_alignment_aid_only
102	59	6099	seytek-2012:p0976:b002:l003	Жолдош болуп калды эми.	67	visual_sequence_alignment_aid_only
102	60	6221	seytek-2012:p0976:b002:l004	Кырк чилтен кызыр Куялы,	68	visual_sequence_alignment_aid_only
102	61	6318	seytek-2012:p0976:b002:l005	Короолоп курчап калды эле…	69	visual_sequence_alignment_aid_only
